-- phpMyAdmin SQL Dump
-- version 4.1.14
-- http://www.phpmyadmin.net
--
-- Host: 127.0.0.1
-- Generation Time: Jun 07, 2018 at 02:24 PM
-- Server version: 5.6.17
-- PHP Version: 5.5.12

SET SQL_MODE = "NO_AUTO_VALUE_ON_ZERO";
SET time_zone = "+00:00";


/*!40101 SET @OLD_CHARACTER_SET_CLIENT=@@CHARACTER_SET_CLIENT */;
/*!40101 SET @OLD_CHARACTER_SET_RESULTS=@@CHARACTER_SET_RESULTS */;
/*!40101 SET @OLD_COLLATION_CONNECTION=@@COLLATION_CONNECTION */;
/*!40101 SET NAMES utf8 */;

--
-- Database: `gestioncomptamatiere`
--

-- --------------------------------------------------------

--
-- Table structure for table `fournisseur`
--

CREATE TABLE IF NOT EXISTS `fournisseur` (
  `NomFournisseur` varchar(100) NOT NULL DEFAULT '',
  `Adresse` varchar(30) DEFAULT NULL,
  `NumTel` varchar(9) DEFAULT NULL,
  PRIMARY KEY (`NomFournisseur`)
) ENGINE=InnoDB DEFAULT CHARSET=latin1;

--
-- Dumping data for table `fournisseur`
--

INSERT INTO `fournisseur` (`NomFournisseur`, `Adresse`, `NumTel`) VALUES
('JOE', 'KM', '773489476'),
('NDIAYE', 'KM', '773458950'),
('PDSD', 'clcs', '773251454'),
('THOMAS', 'KM', '772301936');

-- --------------------------------------------------------

--
-- Table structure for table `inventairemateriel`
--

CREATE TABLE IF NOT EXISTS `inventairemateriel` (
  `Annee` year(4) NOT NULL DEFAULT '0000',
  `Reference` varchar(30) NOT NULL DEFAULT '',
  `Etat` varchar(50) DEFAULT NULL,
  PRIMARY KEY (`Annee`,`Reference`),
  KEY `fk_Reference` (`Reference`)
) ENGINE=InnoDB DEFAULT CHARSET=latin1;

--
-- Dumping data for table `inventairemateriel`
--

INSERT INTO `inventairemateriel` (`Annee`, `Reference`, `Etat`) VALUES
(2018, '8227806795', 'BON');

-- --------------------------------------------------------

--
-- Table structure for table `materiel`
--

CREATE TABLE IF NOT EXISTS `materiel` (
  `Reference` varchar(30) NOT NULL DEFAULT '',
  `DateLivraison` varchar(10) DEFAULT NULL,
  `DateDistribution` varchar(10) DEFAULT NULL,
  `Libelle` varchar(256) DEFAULT NULL,
  `Retour` tinyint(1) DEFAULT '0',
  `Livrer` tinyint(1) DEFAULT '0',
  `NomService` varchar(100) DEFAULT NULL,
  `Description` varchar(256) DEFAULT NULL,
  `NomFournisseur` varchar(100) DEFAULT NULL,
  PRIMARY KEY (`Reference`),
  KEY `fk_NomService` (`NomService`),
  KEY `fk_Description` (`Description`),
  KEY `fk_NomFournisseur` (`NomFournisseur`)
) ENGINE=InnoDB DEFAULT CHARSET=latin1;

--
-- Dumping data for table `materiel`
--

INSERT INTO `materiel` (`Reference`, `DateLivraison`, `DateDistribution`, `Libelle`, `Retour`, `Livrer`, `NomService`, `Description`, `NomFournisseur`) VALUES
('0361738889', '11/04/2018', '2018-04-14', 'clavier', 0, 1, 'BIBLIOTHEQUE', 'INFORMATIQUE', 'JOE'),
('0449423136', '03/04/2018', '2018-04-14', 'table', 1, 1, 'BIBLIOTHEQUE', 'BUREAUTIQUE', 'THOMAS'),
('0856771993', '11/04/2018', NULL, 'marqueur', 0, 0, 'SCOLARITE', 'CONSOMMABLE BUREAUTIQUE', 'JOE'),
('0944256390', '04/04/2018', '2018-04-15', 'table-banc', 1, 1, 'COMPTABILITE', 'CONSOMMABLE BUREAUTIQUE', 'JOE'),
('2211622246', '12/04/2018', '2018-04-14', 'ordinateur', 0, 1, NULL, NULL, NULL),
('5752876774', '02/03/2018', '2018-04-13', 'Imprimente', 1, 1, 'COMPTABILITE', 'INFORMATIQUE', 'PDSD'),
('6144798919', '11/04/2018', '2018-04-16', 'souris', 1, 1, 'SCOLARITE', 'INFORMATIQUE', 'PDSD'),
('6730489065', '12/04/2018', NULL, 'projecteur', 0, 0, 'BIBLIOTHEQUE', 'CONSOMMABLE BUREAUTIQUE', 'JOE'),
('8227806795', '05/04/2018', NULL, 'effaceur', 0, 0, 'COMPTABILITE', 'BUREAUTIQUE', 'NDIAYE'),
('8909085005', '13/04/2018', NULL, 'marqueur', 0, 0, 'MEDICAL', 'CONSOMMABLE BUREAUTIQUE', 'THOMAS'),
('9148030493', '01/03/2018', '2018-04-13', 'metregdvw', 1, 1, 'BIBLIOTHEQUE', 'CONSOMMABLE BUREAUTIQUE', 'NDIAYE');

-- --------------------------------------------------------

--
-- Table structure for table `service`
--

CREATE TABLE IF NOT EXISTS `service` (
  `NomService` varchar(100) NOT NULL DEFAULT '',
  `Domaine` varchar(50) DEFAULT NULL,
  PRIMARY KEY (`NomService`)
) ENGINE=InnoDB DEFAULT CHARSET=latin1;

--
-- Dumping data for table `service`
--

INSERT INTO `service` (`NomService`, `Domaine`) VALUES
('BAIO', 'INFORMATION'),
('BIBLIOTHEQUE', 'RECHERCHE'),
('COMPTABILITE', 'FINANCE'),
('CRI', 'INFORMATIQUE'),
('MEDICAL', 'SANTE'),
('SCOLARITE', 'PEDAGOGIQUE'),
('SECRETARIAT GENERAL', 'ADMINISTRATIF'),
('SPORT ET CULTURE', 'SPORT ET CULTURE');

-- --------------------------------------------------------

--
-- Table structure for table `typemateriel`
--

CREATE TABLE IF NOT EXISTS `typemateriel` (
  `Description` varchar(256) NOT NULL DEFAULT '',
  PRIMARY KEY (`Description`)
) ENGINE=InnoDB DEFAULT CHARSET=latin1;

--
-- Dumping data for table `typemateriel`
--

INSERT INTO `typemateriel` (`Description`) VALUES
('BUREAUTIQUE'),
('CONSOMMABLE BUREAUTIQUE'),
('CONSOMMABLE INFORMATIQUE'),
('INFORMATIQUE');

-- --------------------------------------------------------

--
-- Table structure for table `user`
--

CREATE TABLE IF NOT EXISTS `user` (
  `Login` varchar(24) NOT NULL DEFAULT '',
  `Prenom` varchar(40) NOT NULL,
  `Nom` varchar(40) NOT NULL,
  `Email` varchar(30) DEFAULT NULL,
  `Password` varchar(24) DEFAULT NULL,
  `Etat` varchar(1) NOT NULL DEFAULT '0',
  `Image` blob NOT NULL,
  PRIMARY KEY (`Login`)
) ENGINE=InnoDB DEFAULT CHARSET=latin1;

--
-- Dumping data for table `user`
--

INSERT INTO `user` (`Login`, `Prenom`, `Nom`, `Email`, `Password`, `Etat`, `Image`) VALUES
('joseph', 'Joseph', 'Sarr', 'moussadiegane@gmail.com', 'sene', '1', 0x89504e470d0a1a0a0000000d494844520000005c0000006408030000003c18a7aa000000017352474200aece1ce9000002f7504c54454f1421120d0f0d100d0d12141910080d121a12140917141f20142113191a1a171b1e1717131a21171a172416192a161629161a1a1c13231a132e161c30161835151933151f3217142c19133a181238181c4416123d171e3a19193f181a45181b4d181b53181e2c241d56181b61161f63161c5c19183326132529273227192929203a242269171a2d282971151d7018174f2221332b245721205623183c2d373f30114e2c0e472d20512b1e39312a7e1f1d3235334f301940341f3a343536362d40342679251e48322f40373086251a812b19743125463e376f332f5f3923663723603a38434241553e38912f1f5a3e2f4d40434f422e4f423440463a5343274f463e9a34156b411f8f371f99361d8c392b823c2c843d1f7446177148337247425d4f48a03f25674d445651515e513c625134644d565852495f51424f574aa6421f9c492f944b37a14b29854f58a04d1f96502d81554baf4c22675d646f5f3e6760586e60456261607f5b506f604e6e5f5c795d51795d598a5c34746057b7521e925f28a85935896247806737b55a1eaf5b2c97641fa95f1d85676385685b7e6a63c05f24776f6373706b776e7780704d7f6f5d827156c9621ec7691fbc6b348d7968cd6f179a7868977875907c62907e59c474238d7c76c4732e877f7581807e8b7f6bb5764fb27a35a27e5b96806fd47621cd791dbf7f24ad814ba8863adb7b18a0884fe27a1ad8811cd4822aa88977ae87869f8e7ca38f68a08f739a8f85d4891c949190d58742df891de58d14e1911eeb930bd69537de9726e3981bb49e75bc9a89db946dd59952b09f8cb1a083aba096a5a1a0d0a03dc6a154e89e13c69e78dda026e49f20d4a26bc1a96deca92ceeab22c7aaa7c9ab98f3ac17ecab38c3b087c1b093bab0a9ebab4dc1b09cedb227ebb23cedb332ebb05ee9b26beab653f0bb22e2ba6af4bb30f3bc3beebf31f3bc45dabbaad4beaaeeba8fcdc1b5cec2abcac2bdf2c341f3c45fd8c69beac68aedcdbbf5d282ded3bde3d1c9dcd5cadad5d4f7dfb2eae4dae7e5e3eee5cfefe3e5f8f3e4f7f5f07bd28ec50000000174524e530040e6d86600000001624b47440088051d48000000097048597300000b1300000b1301009a9c180000000774494d4507db07040d2901b2f631250000097e4944415468deed987f5093f71dc7f3831f7d02f90149a0c6e4791e8c84a0c118bb9e123a4083c4a2a27045405b8a3287053bdbcc08181a2a871e04e80221758e807603745b432f2b284b4dbc93817a894dce210879a88334f32478db593853cd1ffb46b65dff34f149ffd93e7fe672afe77d9f1fefeff7f32510fe1f3f4ab42d858bec23106249511d3f9357e2ff89f138ef612a318a4a8983203ffed287a0f1b8e3923f4110f529fe49e9208f5320ca5b5fb74185382785ba5c47be00454743102925d28477520ed70cc546dca6401099f21857708c8f70022215cdfd43499268e438ab5e361c81a8edd4f7e6a2ae4171e378e7e4b872b4827ab71052934f102abc3e7ce17f21413510892a5cd286613a7f45924be4a48cd8133ebf0f77f897bd716461461b994068c79ddd2ea41b322a844bc7c36186923571928c8c48d243df32deec2949656591fcc428b0abcb785bd693d4f476a5b22e3c3e5ea1d167c9e4e1619767a5a5dd913d090b3b655d467a56d64258d8a9de94d4f4746578d87e9f4f660a4f312fa4a58c2d2f178685eddfd6a6d57b25cfc2029f6e4fcfcc7a1c9e46191a9b1666650e8587ed5ff61dc92a0a0bbb2ec2e4f5f98e8485adcc10b6f52dc9c2c29e4a5da3944816c252cc25f97279ba6cd7c370b0bde5da659f7c212c53ff7d7a66dae8922f3c8e62c84e97fcd2541e1676f653ef744d564658d8e9d9a9cbbec2f01c3da6756b34857eaf211c6c599abe52928e4fa31ce63053bffcc1a83c2c926535661665e2806623ab101e97cb4dfc4f129695df8dca2ad5784c3d978b20080c73391c7a8c77c50927bd955a391ec54c0070981b80b318313144f04b5f5aa6764c8247be0b60c005aa392c168d4a8b81884f5233b38b2ae5e5784c0f33a09bc366b3e8344a0c058aa4a616d655bc2557e262e13c0e97c562b15901381922431d0b0fbdfacc725c7687d104369bc90ae0d934b0004253d986028def313ec7430193c56004d81c361dc02f142e9b649a82f3f88c229dc660d0e974269b018453e37b65bbfd26195ec731239eb1124c0a058a2dc8962b0b96fb3438c1e90c38974da331e8343258e765eaa9c2bd0b1578b169ecdc5c76202f4452d4e6a1baa2c37e53f9342ee8511a1dce3d90cb0c748a813499f9e0bb69f983ca7fe270b29bf63069ccd5b9070e081014a690c78811a3b2bea7772abe7f59f2b92d4c566242022c380062ed5a012a8ca78e11a9afef32f9feae8e7b9935989d9008bc0a45117e49c9feeaea12a9542c24c67aa1d8a25e52615ddd83885756fe381934ba8cc78503647e72f2d66a10a7f695965629b6538b6249e306b29054a752a9182c1a03d481430f0edd088e0418dd24481689b7579f3a0da24ad1daa9d3f55f8f57d74064e51a65bdaa451d4fa30334b04a5630ec030c0e0c270944d2928380abeb369bcd9d9dfdfdc6c1c191ab79edc4f35144616db346733286cee2f28011738349098dc745042525c74e9feeeaea3493a2881954f3c88871e42be3ed5bb6b32dd4cb7185cdf51a8d06ccd49d9d407910f0c6c4042417a4f974574fcf40562435daecb46366f388d5fad5ac75c6667cbb92a86ed1aa351a168bb3b943024ab3f9c5bb84c746f7579f3ad5d57545677e75cb962d98d3e9b00f9289d6ab36abdd6ae9fea05ea56a566b784031cc6582a4a32fcc9edcc145dfae06e89e2bc6556f6ed95c8c39e69d8ee1f848d2b4cdeeb2fdf9fab132954aa3311c4a421118e1b1391c388862b2e0fd474f9deeb972c5fe5ade1b718b183633e33417a791872844c32deb6c77ae0a14d3b011017004e6b039f0e88bdfb51378e8d1eaf78ff50c9a8bf3de8c70ce3b2c006e9c5ae88dad898c3c7c63f083dadada7a4d118a00e13038afb91fbeb8f03c0ec2afae7e55d86fce2bdef808c31cdd7bb6cd60ce8ff746c792a95364e2671faa54ea7af5da24209bcba673d9c1b4380ca3fcea9cb837f2f2aedb1c33d80c867d9c9e363b3f73e564ac611795787e0a4c266814b10005f9e6b2827b1b67c188405adaf4e98875c2f99cedc22eae2bfbc8356b21a7132544d2a1005bbd025f15a4a574b06154b4f5a0ce68b6df7202e598db8d6196e83d3b5d6e57f11df23ad921955aa506f06414d918ac5fbdce415091b46a05eec466dc81705d8f28fb851bbbf791695dad5add0294abc4c0dc8336c3f55c54202e51e88c56bb1dc003cadd9e6f5cf78ab715bab06f2e0a552d40b74a552fe2a3219c956c00cf6fe807f05b0ec773b8e7d1bcc7edba1d5f70d30dd2ff75adea8b46953a24f87ace0fe0a09a2eb7c7e3995b5cc45c96ac6d3f77bbdef9895a75edee3595084582876f86ff9d1633c84b40b90bc3ee2f7ac037662c8d7587dc57b3415254f59a8debd3a2827f7c40fe0bb7da1d36db84cbe5c066e7ef7bdc8b6ecfbb4776ba9a242ad51775cdabd740e4e0a57350be687b956e0028b7582c6d7a7d2fcd03e47b3cf38beec5337b5db6148dbabe7e875884ae0e617f80f92269692b906e191eee339cd3b7e83bb4bfff1b500ec273ff5bc79972b5a62c5f9ccc17040f4fe481bce428740323c3c306fdcd8b172fe9f55aedaf1be703ec8ffd4b379492b4ae2a001724070fff2930ae646969836ea05b79f69e6562c232dc7d477beedb8072f73b4f9edd0077f3d67d3b003c04e5933c2ecadf90afd0f5f4f4edb53a4033027a877ec2fd3c2fef753c22419f1cccf09f1484022724b291249075c5b1b6de119bc361b7db07cf74348361020505e35a43823e5728fdfe24fe8e502e5a4c60bae29c9292beee11ab7dc26eb718f55a0c9b0f98ccfcfc7c2434f769c38e223eba36a46b1c077857b258ac6f031d63365b2d83cdfa196cc51e67666c1492b1b32a5f9a2c480aed9298086abaf63513687623e89981df9d9d7bee3298f3d65f9df76267fb5b4b733608f8fc10dfd759e038ea331d6dd2e97403ba4bfa93363be6703a1c969a0edb2cf5739d223f47c40fa5cd57f61f0665af2665b7a6a9a94971c170090c2bb8b938acfdcf1e66de8e066ce986e4508583a0c59dbb79e97d6a6fcefe3e6520f3c067ec76ebc8ee4f8c9f4547e608626a049b42873f1e3bfbc7eadfce69a7fbca1a406a8c23a0b2e0b2f887fe6ec5c9287185dfbf33743681f044df57b07e2ee25c6e4995a2a155d7df0f6adbdfafeb6ca8928a4508d190f4ee4bbd43eaf5c77fa3ddb33527bff4395ea76b6d6d6d50eccb918ac021b47ad34b2d4397bd26ad3e13ec15a215be42515575307fa59449289ff092313e164103f78c24be482ccdc9cfcf0121dd00540756191cb6cfc9c0c2cc8611b062884462912859c047611841f06007821811c360c1402b5fc00fdc0e39dc552801bfa05062181c1e0c143f7f27e226e0fb2e59487b8546a7b378ec0476e25dc2ff5cfc0b4986e1fa3f359d490000000049454e44ae426082);

--
-- Constraints for dumped tables
--

--
-- Constraints for table `inventairemateriel`
--
ALTER TABLE `inventairemateriel`
  ADD CONSTRAINT `fk_Reference` FOREIGN KEY (`Reference`) REFERENCES `materiel` (`Reference`) ON DELETE CASCADE ON UPDATE CASCADE;

--
-- Constraints for table `materiel`
--
ALTER TABLE `materiel`
  ADD CONSTRAINT `fk_Description` FOREIGN KEY (`Description`) REFERENCES `typemateriel` (`Description`) ON DELETE CASCADE ON UPDATE CASCADE,
  ADD CONSTRAINT `fk_NomFournisseur` FOREIGN KEY (`NomFournisseur`) REFERENCES `fournisseur` (`NomFournisseur`) ON DELETE CASCADE ON UPDATE CASCADE,
  ADD CONSTRAINT `fk_NomService` FOREIGN KEY (`NomService`) REFERENCES `service` (`NomService`) ON DELETE CASCADE ON UPDATE CASCADE;

/*!40101 SET CHARACTER_SET_CLIENT=@OLD_CHARACTER_SET_CLIENT */;
/*!40101 SET CHARACTER_SET_RESULTS=@OLD_CHARACTER_SET_RESULTS */;
/*!40101 SET COLLATION_CONNECTION=@OLD_COLLATION_CONNECTION */;
